[
    {
        "iconUrl": "https://pobreflixtv.lat/uploads/set_resources_14/a5bd102ac3b4e1362ac25aed38707f87_favicon.ico",
        "jarFileSize": 99642,
        "apiVersion": 1,
        "repositoryUrl": "https://github.com/saimuelbr/saimuelrepo",
        "status": 1,
        "language": "pt-br",
        "authors": [
            "saimuelbr"
        ],
        "tvTypes": [
            "Movie",
            "TvSeries"
        ],
        "version": 1,
        "internalName": "PobreFlix",
        "jarUrl": "https://raw.githubusercontent.com/saimuelbr/saimuelrepo/builds/PobreFlix.jar",
        "description": "PobreFlix - Filmes,Séries e Animes em Português",
        "url": "https://raw.githubusercontent.com/saimuelbr/saimuelrepo/builds/PobreFlix.cs3",
        "name": "PobreFlix"
    }
]